<?xml version="1.0" encoding="UTF-8"?>
<!--

    Copyright (c) 2014, 2017 Oracle and/or its affiliates. All rights reserved.

    This program and the accompanying materials are made available under the
    terms of the Eclipse Distribution License v. 1.0, which is available at
    http://www.eclipse.org/org/documents/edl-v10.php.

    SPDX-License-Identifier: BSD-3-Clause

-->

<!DOCTYPE glassfish-web-app PUBLIC "-//GlassFish.org//DTD GlassFish Application Server 3.1 Servlet 3.0//EN"
        "http://glassfish.org/dtds/glassfish-web-app_3_0-1.dtd">
<glassfish-web-app error-url="">

    <context-root>/sample-echo-basic-auth</context-root>

    <security-role-mapping>
        <role-name>webuser</role-name>
        <principal-name>ws_user</principal-name>
    </security-role-mapping>

    <class-loader delegate="true"/>

    <jsp-config>
        <property name="keepgenerated" value="true">
            <description>Keep a copy of the generated servlet class' java code.</description>
        </property>
    </jsp-config>

</glassfish-web-app>
