<!--

    Copyright (c) 2013, 2020 Oracle and/or its affiliates. All rights reserved.

    This program and the accompanying materials are made available under the
    terms of the Eclipse Public License v. 2.0, which is available at
    http://www.eclipse.org/legal/epl-2.0.

    This Source Code may also be made available under the following Secondary
    Licenses when the conditions for such availability set forth in the
    Eclipse Public License v. 2.0 are satisfied: GNU General Public License,
    version 2 with the GNU Classpath Exception, which is available at
    https://www.gnu.org/software/classpath/license.html.

    SPDX-License-Identifier: EPL-2.0 OR GPL-2.0 WITH Classpath-exception-2.0

-->

<assembly>
    <id>dist</id>
    <formats>
        <format>zip</format>
        <format>tar.gz</format>
        <format>tar.bz2</format>
    </formats>
    <fileSets>
        <fileSet>
            <directory>src/main/resources</directory>
            <outputDirectory></outputDirectory>
        </fileSet>
        <fileSet>
            <directory>target/assembly/apidocs</directory>
            <outputDirectory>apidocs</outputDirectory>
        </fileSet>
        <fileSet>
            <directory>target/assembly</directory>
            <includes>
                <include>*.jar</include>
            </includes>
            <outputDirectory>lib</outputDirectory>
        </fileSet>
        <fileSet>
            <directory>target/dependency</directory>
            <includes>
                <include>jakarta.websocket*.jar</include>
            </includes>
            <outputDirectory>api</outputDirectory>
        </fileSet>
        <fileSet>
            <directory>target/dependency</directory>
            <includes>
                <include>*.jar</include>
            </includes>
            <excludes>
                <exclude>tyrus*.jar</exclude>
                <exclude>jakarta.websocket*.jar</exclude>
            </excludes>
            <outputDirectory>ext</outputDirectory>
        </fileSet>
    </fileSets>
    <files>
        <file>
            <source>../../LICENSE.md</source>
            <outputDirectory></outputDirectory>
        </file>
    </files>
</assembly>
