<!--

    Copyright (c) 2013, 2018 Oracle and/or its affiliates. All rights reserved.

    This program and the accompanying materials are made available under the
    terms of the Eclipse Public License v. 2.0, which is available at
    http://www.eclipse.org/legal/epl-2.0.

    This Source Code may also be made available under the following Secondary
    Licenses when the conditions for such availability set forth in the
    Eclipse Public License v. 2.0 are satisfied: GNU General Public License,
    version 2 with the GNU Classpath Exception, which is available at
    https://www.gnu.org/software/classpath/license.html.

    SPDX-License-Identifier: EPL-2.0 OR GPL-2.0 WITH Classpath-exception-2.0

-->

<assembly>
    <id>dist</id>
    <formats>
        <format>zip</format>
    </formats>
    <fileSets>
        <fileSet>
            <directory>target/assembly</directory>
            <includes>
                <include>*.txt</include>
                <include>api/**</include>
            </includes>
            <outputDirectory/>
        </fileSet>
        <fileSet>
            <directory>${project.basedir}/../..</directory>
            <outputDirectory>/</outputDirectory>
            <useDefaultExcludes>true</useDefaultExcludes>
            <includes>
                <include>pom.xml</include>
                <include>client/**</include>
                <include>containers/**</include>
                <include>core/**</include>
                <include>impl/**</include>
                <include>protocol/**</include>
                <include>server/**</include>
                <include>spi/**</include>
                <include>spi-providers/**</include>
            </includes>
            <excludes>
                <exclude>**/target/**</exclude>
            </excludes>
        </fileSet>
    </fileSets>
</assembly>
